---
title: SQLi Fundamentals ðŸ¢
tags:
  - Theory
---
> This content was extracted from [HTB Academy](https://academy.hackthebox.com/module/33/section/177)

>You should check [SQLi Payloads ðŸ¦Š](/notes/Payloads/SQLi/sqli_payloads.md) for further attacks

## Types of Databases

### Relational Databases

A relational database is the most common type of database. It uses a schema, a template, to dictate the data structure stored in the database. For example, we can imagine a company that sells products to its customers having some form of stored knowledge about where those products go, to whom, and in what quantity. However, this is often done in the back-end and without obvious informing in the front-end. Different types of relational databases can be used for each approach. For example, the first table can store and display basic customer information, the second the number of products sold and their cost, and the third table to enumerate who bought those products and with what payment data.

Tables in a relational database are associated with keys that provide a quick database summary or access to the specific row or column when specific data needs to be reviewed. These tables, also called entities, are all related to each other. For example, the customer information table can provide each customer with a specific ID that can indicate everything we need to know about that customer, such as an address, name, and contact information. Also, the product description table can assign a specific ID to each product. The table that stores all orders would only need to record these IDs and their quantity. Any change in these tables will affect all of them but predictably and systematically.

However, when processing an integrated database, a concept is required to link one table to another using its key, called aÂ `relational database management system`Â (`RDBMS`). Many companies that initially use different concepts are switching to the RDBMS concept because this concept is easy to learn, use and understand. Initially, this concept was used only by large companies. However, many types of databases now implement the RDBMS concept, such as Microsoft Access, MySQL, SQL Server, Oracle, PostgreSQL, and many others.

For example, we can have aÂ `users`Â table in a relational database containing columns likeÂ `id`,Â `username`,Â `first_name`,Â `last_name`, and others. TheÂ `id`Â can be used as the table key. Another table,Â `posts`, may contain posts made by all users, with columns likeÂ `id`,Â `user_id`,Â `date`,Â `content`, and so on.

![](Pasted%20image%2020240725090016.png)

We can link theÂ `id`Â from theÂ `users`Â table to theÂ `user_id`Â in theÂ `posts`Â table to retrieve the user details for each post without storing all user details with each post. A table can have more than one key, as another column can be used as a key to link with another table. So, for example, theÂ `id`Â column can be used as a key to link theÂ `posts`Â table to another table containing comments, each of which belongs to a particular post, and so on.

>[!Note]
>The relationship between tables within a database is called a Schema.

This way, by using relational databases, it becomes rapid and easy to retrieve all data about a particular element from all databases. So, for example, we can retrieve all details linked to a specific user from all tables with a single query. This makes relational databases very fast and reliable for big datasets with clear structure and design and efficient data management. The most common example of relational databases isÂ `MySQL`, which we will be covering in this module.

### Non-relational Databases

A non-relational database (also called aÂ `NoSQL`Â database) does not use tables, rows, and columns or prime keys, relationships, or schemas. Instead, a NoSQL database stores data using various storage models, depending on the type of data stored. Due to the lack of a defined structure for the database, NoSQL databases are very scalable and flexible. Therefore, when dealing with datasets that are not very well defined and structured, a NoSQL database would be the best choice for storing such data. There are four common storage models for NoSQL databases:

- Key-Value
- Document-Based
- Wide-Column
- Graph

Each of the above models has a different way of storing data. For example, theÂ `Key-Value`Â model usually stores data in JSON or XML, and have a key for each pair, and stores all of its data as its value:

![](Pasted%20image%2020240725090110.png)

The above example can be represented using JSON as:

```json
{
  "100001": {
    "date": "01-01-2021",
    "content": "Welcome to this web application."
  },
  "100002": {
    "date": "02-01-2021",
    "content": "This is the first post on this web app."
  },
  "100003": {
    "date": "02-01-2021",
    "content": "Reminder: Tomorrow is the ..."
  }
}
```

It looks similar to a dictionary item in languages likeÂ `Python`Â orÂ `PHP`Â (i.e.Â `{'key':'value'}`), where theÂ `key`Â is usually a string, and theÂ `value`Â can be a string, dictionary, or any class object.

The most common example of a NoSQL database isÂ `MongoDB`.

>[!Note]
>Non-relational Databases have a different method for injection, known as NoSQL injections. SQL injections are completely different than NoSQL injections.

## Intro to MySQL
### Structured Query Language (SQL)

SQL syntax can differ from one RDBMS to another. However, they are all required to follow theÂ [ISO standard](https://en.wikipedia.org/wiki/ISO/IEC_9075)Â for Structured Query Language. We will be following the MySQL/MariaDB syntax for the examples shown. SQL can be used to perform the following actions:
- Retrieve data
- Update data
- Delete data
- Create new tables and databases
- Add / remove users
- Assign permissions to these users

### Command Line

```shell
mysql -u root -p
```

When we do not specify a host, it will default to theÂ `localhost`Â server. We can specify a remote host and port using theÂ `-h`Â andÂ `-P`Â flags.

```shell
mysql -u root -h docker.hackthebox.eu -P 3306 -p 
```

>[!Note]
>The default MySQL/MariaDB port is (3306), but it can be configured to another port. It is specified using an uppercase `P`, unlike the lowercase `p` used for passwords.

### Creating a database

Once we log in to the database using theÂ `mysql`Â utility, we can start using SQL queries to interact with the DBMS. For example, a new database can be created within the MySQL DBMS using theÂ [CREATE DATABASE](https://dev.mysql.com/doc/refman/5.7/en/create-database.html)Â statement.

```sql
CREATE DATABASE users;
```

MySQL expects command-line queries to be terminated with a semi-colon. The example above created a new database namedÂ `users`. We can view the list of databases withÂ [SHOW DATABASES](https://dev.mysql.com/doc/refman/8.0/en/show-databases.html), and we can switch to theÂ `users`Â database with theÂ `USE`Â statement:

```sql
mysql> SHOW DATABASES;

+--------------------+
| Database           |
+--------------------+
| information_schema |
| mysql              |
| performance_schema |
| sys                |
| users              |
+--------------------+

mysql> USE users;

Database changed
```

### Tables

DBMS stores data in the form of tables. A table is made up of horizontal rows and vertical columns. The intersection of a row and a column is called a cell. Every table is created with a fixed set of columns, where each column is of a particular data type.

A data type defines what kind of value is to be held by a column. Common examples areÂ `numbers`,Â `strings`,Â `date`,Â `time`, andÂ `binary data`. There could be data types specific to DBMS as well. A complete list of data types in MySQL can be foundÂ [here](https://dev.mysql.com/doc/refman/8.0/en/data-types.html). For example, let us create a table namedÂ `logins`Â to store user data, using theÂ [CREATE TABLE](https://dev.mysql.com/doc/refman/8.0/en/creating-tables.html)Â SQL query:

```sql
CREATE TABLE logins (
    id INT,
    username VARCHAR(100),
    password VARCHAR(100),
    date_of_joining DATETIME
    );
```

As we can see, theÂ `CREATE TABLE`Â query first specifies the table name, and then (within parentheses) we specify each column by its name and its data type, all being comma separated. After the name and type, we can specify specific properties, as will be discussed later.

```sql
mysql> CREATE TABLE logins (
    ->     id INT,
    ->     username VARCHAR(100),
    ->     password VARCHAR(100),
    ->     date_of_joining DATETIME
    ->     );
Query OK, 0 rows affected (0.03 sec)
```

The SQL queries above create a table namedÂ `logins`Â with four columns. The first column,Â `id`Â is an integer. The following two columns,Â `username`Â andÂ `password`Â are set to strings of 100 characters each. Any input longer than this will result in an error. TheÂ `date_of_joining`Â column of typeÂ `DATETIME`Â stores the date when an entry was added.

```sql
mysql> SHOW TABLES;

+-----------------+
| Tables_in_users |
+-----------------+
| logins          |
+-----------------+
1 row in set (0.00 sec)
```

A list of tables in the current database can be obtained using theÂ `SHOW TABLES`Â statement. In addition, theÂ [DESCRIBE](https://dev.mysql.com/doc/refman/8.0/en/describe.html)Â keyword is used to list the table structure with its fields and data types.

```sql
mysql> DESCRIBE logins;

+-----------------+--------------+
| Field           | Type         |
+-----------------+--------------+
| id              | int          |
| username        | varchar(100) |
| password        | varchar(100) |
| date_of_joining | date         |
+-----------------+--------------+
4 rows in set (0.00 sec)
```

### Table Properties

Within theÂ `CREATE TABLE`Â query, there are manyÂ [properties](https://dev.mysql.com/doc/refman/8.0/en/create-table.html)Â that can be set for the table and each column. For example, we can set theÂ `id`Â column to auto-increment using theÂ `AUTO_INCREMENT`Â keyword, which automatically increments the id by one every time a new item is added to the table:

```sql
 id INT NOT NULL AUTO_INCREMENT,
```

TheÂ `NOT NULL`Â constraint ensures that a particular column is never left empty 'i.e., required field.' We can also use theÂ `UNIQUE`Â constraint to ensures that the inserted item are always unique. For example, if we use it with theÂ `username`Â column, we can ensure that no two users will have the same username:

```sql
 username VARCHAR(100) UNIQUE NOT NULL,
```

Another important keyword is theÂ `DEFAULT`Â keyword, which is used to specify the default value. For example, within theÂ `date_of_joining`Â column, we can set the default value toÂ [Now()](https://dev.mysql.com/doc/refman/8.0/en/date-and-time-functions.html#function_now), which in MySQL returns the current date and time:

```sql
date_of_joining DATETIME DEFAULT NOW(),
```

Finally, one of the most important properties isÂ `PRIMARY KEY`, which we can use to uniquely identify each record in the table, referring to all data of a record within a table for relational databases, as previously discussed in the previous section. We can make theÂ `id`Â column theÂ `PRIMARY KEY`Â for this table:

```sql
 PRIMARY KEY (id)
```

The finalÂ `CREATE TABLE`Â query will be as follows:

```sql
CREATE TABLE logins (
    id INT NOT NULL AUTO_INCREMENT,
    username VARCHAR(100) UNIQUE NOT NULL,
    password VARCHAR(100) NOT NULL,
    date_of_joining DATETIME DEFAULT NOW(),
    PRIMARY KEY (id)
    );
```

## SQL Statements

### INSERT

TheÂ [INSERT](https://dev.mysql.com/doc/refman/8.0/en/insert.html)Â statement is used to add new records to a given table. The statement following the below syntax:

```sql
INSERT INTO table_name VALUES (column1_value, column2_value, column3_value, ...);
```

The syntax above requires the user to fill in values for all the columns present in the table.

```sql
mysql> INSERT INTO logins VALUES(1, 'admin', 'p@ssw0rd', '2020-07-02');

Query OK, 1 row affected (0.00 sec)
```

The example above shows how to add a new login to the logins table, with appropriate values for each column. However, we can skip filling columns with default values, such asÂ `id`Â andÂ `date_of_joining`. This can be done by specifying the column names to insert values into a table selectively:

```sql
INSERT INTO table_name(column2, column3, ...) VALUES (column2_value, column3_value, ...);
```

>[!Note]
>Skipping columns with the 'NOT NULL' constraint will result in an error, as it is a required value.

We can do the same to insert values into theÂ `logins`Â table:

```sql
mysql> INSERT INTO logins(username, password) VALUES('administrator', 'adm1n_p@ss');

Query OK, 1 row affected (0.00 sec)
```

We inserted a username-password pair in the example above while skipping theÂ `id`Â andÂ `date_of_joining`Â columns.

>[!Warning]
>The examples insert cleartext passwords into the table, for demonstration only. This is a bad practice, as passwords should always be hashed/encrypted before storage.

We can also insert multiple records at once by separating them with a comma:

```sql
mysql> INSERT INTO logins(username, password) VALUES ('john', 'john123!'), ('tom', 'tom123!');

Query OK, 2 rows affected (0.00 sec)
Records: 2  Duplicates: 0  Warnings: 0
```

### SELECT

Now that we have inserted data into tables let us see how to retrieve data with theÂ [SELECT](https://dev.mysql.com/doc/refman/8.0/en/select.html)Â statement. This statement can also be used for many other purposes, which we will come across later. The general syntax to view the entire table is as follows:

```sql
SELECT * FROM table_name;
```

The asterisk symbol (*) acts as a wildcard and selects all the columns. TheÂ `FROM`Â keyword is used to denote the table to select from. It is possible to view data present in specific columns as well:

```sql
SELECT column1, column2 FROM table_name;
```

The query above will select data present in column1 and column2 only.

```sql
mysql> SELECT * FROM logins;

+----+---------------+------------+---------------------+
| id | username      | password   | date_of_joining     |
+----+---------------+------------+---------------------+
|  1 | admin         | p@ssw0rd   | 2020-07-02 00:00:00 |
|  2 | administrator | adm1n_p@ss | 2020-07-02 11:30:50 |
|  3 | john          | john123!   | 2020-07-02 11:47:16 |
|  4 | tom           | tom123!    | 2020-07-02 11:47:16 |
+----+---------------+------------+---------------------+
4 rows in set (0.00 sec)


mysql> SELECT username,password FROM logins;

+---------------+------------+
| username      | password   |
+---------------+------------+
| admin         | p@ssw0rd   |
| administrator | adm1n_p@ss |
| john          | john123!   |
| tom           | tom123!    |
+---------------+------------+
4 rows in set (0.00 sec)
```

### DROP

We can useÂ [DROP](https://dev.mysql.com/doc/refman/8.0/en/drop-table.html)Â to remove tables and databases from the server.

```sql
mysql> DROP TABLE logins;

Query OK, 0 rows affected (0.01 sec)


mysql> SHOW TABLES;

Empty set (0.00 sec)
```

>[!Warning]
>The 'DROP' statement will permanently and completely delete the table with no confirmation, so it should be used with caution.

### ALTER

Finally, We can useÂ [ALTER](https://dev.mysql.com/doc/refman/8.0/en/alter-table.html)Â to change the name of any table and any of its fields or to delete or add a new column to an existing table. The below example adds a new columnÂ `newColumn`Â to theÂ `logins`Â table usingÂ `ADD`:

```sql
mysql> ALTER TABLE logins ADD newColumn INT;

Query OK, 0 rows affected (0.01 sec)
```

To rename a column, we can useÂ `RENAME COLUMN`:

```sql
mysql> ALTER TABLE logins RENAME COLUMN newColumn TO oldColumn;

Query OK, 0 rows affected (0.01 sec)
```

We can also change a column's datatype withÂ `MODIFY`:

```sql
mysql> ALTER TABLE logins MODIFY oldColumn DATE;

Query OK, 0 rows affected (0.01 sec)
```

Finally, we can drop a column usingÂ `DROP`:

```sql
mysql> ALTER TABLE logins DROP oldColumn;

Query OK, 0 rows affected (0.01 sec)
```

### UPDATE

WhileÂ `ALTER`Â is used to change a table's properties, theÂ [UPDATE](https://dev.mysql.com/doc/refman/8.0/en/update.html)Â statement can be used to update specific records within a table, based on certain conditions. Its general syntax is:

```sql
UPDATE table_name SET column1=newvalue1, column2=newvalue2, ... WHERE <condition>;
```

We specify the table name, each column and its new value, and the condition for updating records. Let us look at an example:

```sql
mysql> UPDATE logins SET password = 'change_password' WHERE id > 1;

Query OK, 3 rows affected (0.00 sec)
Rows matched: 3  Changed: 3  Warnings: 0


mysql> SELECT * FROM logins;

+----+---------------+-----------------+---------------------+
| id | username      | password        | date_of_joining     |
+----+---------------+-----------------+---------------------+
|  1 | admin         | p@ssw0rd        | 2020-07-02 00:00:00 |
|  2 | administrator | change_password | 2020-07-02 11:30:50 |
|  3 | john          | change_password | 2020-07-02 11:47:16 |
|  4 | tom           | change_password | 2020-07-02 11:47:16 |
+----+---------------+-----------------+---------------------+
4 rows in set (0.00 sec)
```

## Query Results

### Sorting Results

We can sort the results of any query usingÂ [ORDER BY](https://dev.mysql.com/doc/refman/8.0/en/order-by-optimization.html)Â and specifying the column to sort by:

```shell
SELECT * FROM logins ORDER BY password;

+----+---------------+------------+---------------------+
| id | username      | password   | date_of_joining     |
+----+---------------+------------+---------------------+
|  2 | administrator | adm1n_p@ss | 2020-07-02 11:30:50 |
|  3 | john          | john123!   | 2020-07-02 11:47:16 |
|  1 | admin         | p@ssw0rd   | 2020-07-02 00:00:00 |
|  4 | tom           | tom123!    | 2020-07-02 11:47:16 |
+----+---------------+------------+---------------------+
4 rows in set (0.00 sec)
```

By default, the sort is done in ascending order, but we can also sort the results byÂ `ASC`Â orÂ `DESC`:

```sql
mysql> SELECT * FROM logins ORDER BY password DESC;

+----+---------------+------------+---------------------+
| id | username      | password   | date_of_joining     |
+----+---------------+------------+---------------------+
|  4 | tom           | tom123!    | 2020-07-02 11:47:16 |
|  1 | admin         | p@ssw0rd   | 2020-07-02 00:00:00 |
|  3 | john          | john123!   | 2020-07-02 11:47:16 |
|  2 | administrator | adm1n_p@ss | 2020-07-02 11:30:50 |
+----+---------------+------------+---------------------+
4 rows in set (0.00 sec)
```

It is also possible to sort by multiple columns, to have a secondary sort for duplicate values in one column:

```sql
mysql> SELECT * FROM logins ORDER BY password DESC, id ASC;

+----+---------------+-----------------+---------------------+
| id | username      | password        | date_of_joining     |
+----+---------------+-----------------+---------------------+
|  1 | admin         | p@ssw0rd        | 2020-07-02 00:00:00 |
|  2 | administrator | change_password | 2020-07-02 11:30:50 |
|  3 | john          | change_password | 2020-07-02 11:47:16 |
|  4 | tom           | change_password | 2020-07-02 11:50:20 |
+----+---------------+-----------------+---------------------+
4 rows in set (0.00 sec)
```

### LIMIT results

In case our query returns a large number of records, we canÂ [LIMIT](https://dev.mysql.com/doc/refman/8.0/en/limit-optimization.html)Â the results to what we want only, usingÂ `LIMIT`Â and the number of records we want:

```sql
mysql> SELECT * FROM logins LIMIT 2;

+----+---------------+------------+---------------------+
| id | username      | password   | date_of_joining     |
+----+---------------+------------+---------------------+
|  1 | admin         | p@ssw0rd   | 2020-07-02 00:00:00 |
|  2 | administrator | adm1n_p@ss | 2020-07-02 11:30:50 |
+----+---------------+------------+---------------------+
2 rows in set (0.00 sec)
```

If we wanted to LIMIT results with an offset, we could specify the offset before the LIMIT count:

```sql
mysql> SELECT * FROM logins LIMIT 1, 2;

+----+---------------+------------+---------------------+
| id | username      | password   | date_of_joining     |
+----+---------------+------------+---------------------+
|  2 | administrator | adm1n_p@ss | 2020-07-02 11:30:50 |
|  3 | john          | john123!   | 2020-07-02 11:47:16 |
+----+---------------+------------+---------------------+
2 rows in set (0.00 sec)
```

>[!Note]
>The offset marks the order of the first record to be included, starting from 0. For the above, it starts and includes the 2nd record, and returns two values.

### WHERE Clause

To filter or search for specific data, we can use conditions with theÂ `SELECT`Â statement using theÂ [WHERE](https://dev.mysql.com/doc/refman/8.0/en/where-optimization.html)Â clause, to fine-tune the results:

```sql
SELECT * FROM table_name WHERE <condition>;
```

The query above will return all records which satisfy the given condition. Let us look at an example:

```sql
mysql> SELECT * FROM logins WHERE id > 1;

+----+---------------+------------+---------------------+
| id | username      | password   | date_of_joining     |
+----+---------------+------------+---------------------+
|  2 | administrator | adm1n_p@ss | 2020-07-02 11:30:50 |
|  3 | john          | john123!   | 2020-07-02 11:47:16 |
|  4 | tom           | tom123!    | 2020-07-02 11:47:16 |
+----+---------------+------------+---------------------+
3 rows in set (0.00 sec)
```

The example above selects all records where the value ofÂ `id`Â is greater thanÂ `1`. As we can see, the first row with itsÂ `id`Â as 1 was skipped from the output. We can do something similar for usernames:

```sql
mysql> SELECT * FROM logins where username = 'admin';

+----+----------+----------+---------------------+
| id | username | password | date_of_joining     |
+----+----------+----------+---------------------+
|  1 | admin    | p@ssw0rd | 2020-07-02 00:00:00 |
+----+----------+----------+---------------------+
1 row in set (0.00 sec)
```

The query above selects the record where the username isÂ `admin`. We can use theÂ `UPDATE`Â statement to update certain records that meet a specific condition.

### LIKE Clause

Another useful SQL clause isÂ [LIKE](https://dev.mysql.com/doc/refman/8.0/en/pattern-matching.html), enabling selecting records by matching a certain pattern. The query below retrieves all records with usernames starting withÂ `admin`:

```sql
mysql> SELECT * FROM logins WHERE username LIKE 'admin%';

+----+---------------+------------+---------------------+
| id | username      | password   | date_of_joining     |
+----+---------------+------------+---------------------+
|  1 | admin         | p@ssw0rd   | 2020-07-02 00:00:00 |
|  4 | administrator | adm1n_p@ss | 2020-07-02 15:19:02 |
+----+---------------+------------+---------------------+
2 rows in set (0.00 sec)
```

TheÂ `%`Â symbol acts as a wildcard and matches all characters afterÂ `admin`. It is used to match zero or more characters. Similarly, theÂ `_`Â symbol is used to match exactly one character. The below query matches all usernames with exactly three characters in them, which in this case wasÂ `tom`:

```sql
mysql> SELECT * FROM logins WHERE username like '___';

| id | username | password | date_of_joining     |
+----+----------+----------+---------------------+
|  3 | tom      | tom123!  | 2020-07-02 15:18:56 |
+----+----------+----------+---------------------+
1 row in set (0.01 sec)
```

## SQL Operators

Sometimes, expressions with a single condition are not enough to satisfy the user's requirement. For that, SQL supportsÂ [Logical Operators](https://dev.mysql.com/doc/refman/8.0/en/logical-operators.html)Â to use multiple conditions at once. The most common logical operators areÂ `AND`,Â `OR`, andÂ `NOT`.

### AND

TheÂ `AND`Â operator takes in two conditions and returnsÂ `true`Â orÂ `false`Â based on their evaluation:

```sql
condition1 AND condition2
```

The result of theÂ `AND`Â operation isÂ `true`Â if and only if bothÂ `condition1`Â andÂ `condition2`Â evaluate toÂ `true`:

```sql
mysql> SELECT 1 = 1 AND 'test' = 'test';

+---------------------------+
| 1 = 1 AND 'test' = 'test' |
+---------------------------+
|                         1 |
+---------------------------+
1 row in set (0.00 sec)

mysql> SELECT 1 = 1 AND 'test' = 'abc';

+--------------------------+
| 1 = 1 AND 'test' = 'abc' |
+--------------------------+
|                        0 |
+--------------------------+
1 row in set (0.00 sec)
```

In MySQL terms, anyÂ `non-zero`Â value is consideredÂ `true`, and it usually returns the valueÂ `1`Â to signifyÂ `true`.Â `0`Â is consideredÂ `false`. As we can see in the example above, the first query returnedÂ `true`Â as both expressions were evaluated asÂ `true`. However, the second query returnedÂ `false`Â as the second conditionÂ `'test' = 'abc'`Â isÂ `false`.

### OR

TheÂ `OR`Â operator takes in two expressions as well, and returnsÂ `true`Â when at least one of them evaluates toÂ `true`:

```sql
mysql> SELECT 1 = 1 OR 'test' = 'abc';

+-------------------------+
| 1 = 1 OR 'test' = 'abc' |
+-------------------------+
|                       1 |
+-------------------------+
1 row in set (0.00 sec)

mysql> SELECT 1 = 2 OR 'test' = 'abc';

+-------------------------+
| 1 = 2 OR 'test' = 'abc' |
+-------------------------+
|                       0 |
+-------------------------+
1 row in set (0.00 sec)
```

The queries above demonstrate how theÂ `OR`Â operator works. The first query evaluated toÂ `true`Â as the conditionÂ `1 = 1`Â isÂ `true`. The second query has twoÂ `false`Â conditions, resulting inÂ `false`Â output.

### NOT

TheÂ `NOT`Â operator simply toggles aÂ `boolean`Â value 'i.e.Â `true`Â is converted toÂ `false`Â and vice versa':

```sql
mysql> SELECT NOT 1 = 1;

+-----------+
| NOT 1 = 1 |
+-----------+
|         0 |
+-----------+
1 row in set (0.00 sec)

mysql> SELECT NOT 1 = 2;

+-----------+
| NOT 1 = 2 |
+-----------+
|         1 |
+-----------+
1 row in set (0.00 sec)
```

As seen in the examples above, the first query resulted inÂ `false`Â because it is the inverse of the evaluation ofÂ `1 = 1`, which isÂ `true`, so its inverse isÂ `false`. On the other hand, the second was query returnedÂ `true`, as the inverse ofÂ `1 = 2`Â 'which isÂ `false`' isÂ `true`.

### Symbol Operators

TheÂ `AND`,Â `OR`Â andÂ `NOT`Â operators can also be represented asÂ `&&`,Â `||`Â andÂ `!`, respectively. The below are the same previous examples, by using the symbol operators:

```sql
mysql> SELECT 1 = 1 && 'test' = 'abc';

+-------------------------+
| 1 = 1 && 'test' = 'abc' |
+-------------------------+
|                       0 |
+-------------------------+
1 row in set, 1 warning (0.00 sec)

mysql> SELECT 1 = 1 || 'test' = 'abc';

+-------------------------+
| 1 = 1 || 'test' = 'abc' |
+-------------------------+
|                       1 |
+-------------------------+
1 row in set, 1 warning (0.00 sec)

mysql> SELECT 1 != 1;

+--------+
| 1 != 1 |
+--------+
|      0 |
+--------+
1 row in set (0.00 sec)
```

### Multiple Operator Precedence

SQL supports various other operations such as addition, division as well as bitwise operations. Thus, a query could have multiple expressions with multiple operations at once. The order of these operations is decided through operator precedence.

Here is a list of common operations and their precedence, as seen in theÂ [MariaDB Documentation](https://mariadb.com/kb/en/operator-precedence/):

- Division (`/`), Multiplication (`*`), and Modulus (`%`)
- Addition (`+`) and subtraction (`-`)
- Comparison (`=`,Â `>`,Â `<`,Â `<=`,Â `>=`,Â `!=`,Â `LIKE`)
- NOT (`!`)
- AND (`&&`)
- OR (`||`)

Operations at the top are evaluated before the ones at the bottom of the list. Let us look at an example:

```sql
SELECT * FROM logins WHERE username != 'tom' AND id > 3 - 2;
```

The query has four operations:Â `!=`,Â `AND`,Â `>`, andÂ `-`. From the operator precedence, we know that subtraction comes first, so it will first evaluateÂ `3 - 2`Â toÂ `1`:

```sql
SELECT * FROM logins WHERE username != 'tom' AND id > 1;
```

Next, we have two comparison operations,Â `>`Â andÂ `!=`. Both of these are of the same precedence and will be evaluated together. So, it will return all records where username is notÂ `tom`, and all records where theÂ `id`Â is greater than 1, and then applyÂ `AND`Â to return all records with both of these conditions:

```sql
mysql> select * from logins where username != 'tom' AND id > 3 - 2;

+----+---------------+------------+---------------------+
| id | username      | password   | date_of_joining     |
+----+---------------+------------+---------------------+
|  2 | administrator | adm1n_p@ss | 2020-07-03 12:03:53 |
|  3 | john          | john123!   | 2020-07-03 12:03:57 |
+----+---------------+------------+---------------------+
2 rows in set (0.00 sec)
```

## SQL Injections
### SQLi Discovery

Before we start subverting the web application's logic and attempting to bypass the authentication, we first have to test whether the login form is vulnerable to SQL injection. To do that, we will try to add one of the below payloads after our username and see if it causes any errors or changes how the page behaves:

|Payload|URL Encoded|
|---|---|
|`'`|`%27`|
|`"`|`%22`|
|`#`|`%23`|
|`;`|`%3B`|
|`)`|`%29`|

>[!Note]
>In some cases, we may have to use the URL encoded version of the payload. An example of this is when we put our payload directly in the URL 'i.e. HTTP GET request'.

### OR Injection

We would need the query always to returnÂ `true`, regardless of the username and password entered, to bypass the authentication. To do this, we can abuse theÂ `OR`Â operator in our SQL injection.

As previously discussed, the MySQL documentation forÂ [operation precedence](https://dev.mysql.com/doc/refman/8.0/en/operator-precedence.html)Â states that theÂ `AND`Â operator would be evaluated before theÂ `OR`Â operator. This means that if there is at least oneÂ `TRUE`Â condition in the entire query along with anÂ `OR`Â operator, the entire query will evaluate toÂ `TRUE`Â since theÂ `OR`Â operator returnsÂ `TRUE`Â if one of its operands isÂ `TRUE`.

An example of a condition that will always returnÂ `true`Â isÂ `'1'='1'`. However, to keep the SQL query working and keep an even number of quotes, instead of using ('1'='1'), we will remove the last quote and use ('1'='1), so the remaining single quote from the original query would be in its place.

So, if we inject the below condition and have anÂ `OR`Â operator between it and the original condition, it should always returnÂ `true`:

```sql
admin' or '1'='1
```

The final query should be as follow:

```sql
SELECT * FROM logins WHERE username='admin' or '1'='1' AND password = 'something';
```

>[!Note]
>The payload we used above is one of many auth bypass payloads we can use to subvert the authentication logic. You can find a comprehensive list of SQLi auth bypass payloads inÂ [PayloadAllTheThings](https://github.com/swisskyrepo/PayloadsAllTheThings/tree/master/SQL%20Injection#authentication-bypass), each of which works on a certain type of SQL queries.

### Using Comments

Just like any other language, SQL allows the use of comments as well. Comments are used to document queries or ignore a certain part of the query. We can use two types of line comments with MySQLÂ `--`Â andÂ `#`, in addition to an in-line commentÂ `/**/`Â (though this is not usually used in SQL injections). TheÂ `--`Â can be used as follows:

```sql
mysql> SELECT username FROM logins; -- Selects usernames from the logins table 

+---------------+
| username      |
+---------------+
| admin         |
| administrator |
| john          |
| tom           |
+---------------+
4 rows in set (0.00 sec)
```

>[!Note]
>Â In SQL, using two dashes only is not enough to start a comment. So, there has to be an empty space after them, so the comment starts with (-- ), with a space at the end. This is sometimes URL encoded as (--+), as spaces in URLs are encoded as (+). To make it clear, we will add another (-) at the end (-- -), to show the use of a space character.

TheÂ `#`Â symbol can be used as well.

```sql
mysql> SELECT * FROM logins WHERE username = 'admin'; # You can place anything here AND password = 'something'

+----+----------+----------+---------------------+
| id | username | password | date_of_joining     |
+----+----------+----------+---------------------+
|  1 | admin    | p@ssw0rd | 2020-07-02 00:00:00 |
+----+----------+----------+---------------------+
1 row in set (0.00 sec)
```

>[!Tip]
>If you are inputting your payload in the URL within a browser, a (#) symbol is usually considered as a tag, and will not be passed as part of the URL. In order to use (#) as a comment within a browser, we can use '%23', which is an URL encoded (#) symbol.

### Union Clause

Before we start learning about Union Injection, we should first learn more about the SQL Union clause. TheÂ [Union](https://dev.mysql.com/doc/refman/8.0/en/union.html)Â clause is used to combine results from multipleÂ `SELECT`Â statements. This means that through aÂ `UNION`Â injection, we will be able toÂ `SELECT`Â and dump data from all across the DBMS, from multiple tables and databases. Let us try using theÂ `UNION`Â operator in a sample database. First, let us see the content of theÂ `ports`Â table:

```shell
mysql> SELECT * FROM ports UNION SELECT * FROM ships;

+----------+-----------+
| code     | city      |
+----------+-----------+
| CN SHA   | Shanghai  |
| SG SIN   | Singapore |
| Morrison | New York  |
| ZZ-21    | Shenzhen  |
+----------+-----------+
4 rows in set (0.00 sec)
```

As we can see,Â `UNION`Â combined the output of bothÂ `SELECT`Â statements into one, so entries from theÂ `ports`Â table and theÂ `ships`Â table were combined into a single output with four rows. As we can see, some of the rows belong to theÂ `ports`Â table while others belong to theÂ `ships`Â table.

>[!Note]
>The data types of the selected columns on all positions should be the same.

### Even Columns

AÂ `UNION`Â statement can only operate onÂ `SELECT`Â statements with an equal number of columns. For example, if we attempt toÂ `UNION`Â two queries that have results with a different number of columns, we get the following error:

```sql
mysql> SELECT city FROM ports UNION SELECT * FROM ships;

ERROR 1222 (21000): The used SELECT statements have a different number of columns
```

The above query results in an error, as the firstÂ `SELECT`Â returns one column and the secondÂ `SELECT`Â returns two. Once we have two queries that return the same number of columns, we can use theÂ `UNION`Â operator to extract data from other tables and databases.

For example, if the query is:

```sql
SELECT * FROM products WHERE product_id = 'user_input'
```

We can inject aÂ `UNION`Â query into the input, such that rows from another table are returned:

```sql
SELECT * from products where product_id = '1' UNION SELECT username, password from passwords-- '
```

The above query would returnÂ `username`Â andÂ `password`Â entries from theÂ `passwords`Â table, assuming theÂ `products`Â table has two columns.

### Un-even Columns

We will find out that the original query will usually not have the same number of columns as the SQL query we want to execute, so we will have to work around that. For example, suppose we only had one column. In that case, we want toÂ `SELECT`, we can put junk data for the remaining required columns so that the total number of columns we areÂ `UNION`ing with remains the same as the original query.

For example, we can use any string as our junk data, and the query will return the string as its output for that column. If weÂ `UNION`Â with the stringÂ `"junk"`, theÂ `SELECT`Â query would beÂ `SELECT "junk" from passwords`, which will always returnÂ `junk`. We can also use numbers. For example, the queryÂ `SELECT 1 from passwords`Â will always returnÂ `1`Â as the output.

>[!Note]
>When filling other columns with junk data, we must ensure that the data type matches the columns data type, otherwise the query will return an error. For the sake of simplicity, we will use numbers as our junk data, which will also become handy for tracking our payloads positions, as we will discuss later.

>[!Tip]
>For advanced SQL injection, we may want to simply use 'NULL' to fill other columns, as 'NULL' fits all data types.

TheÂ `products`Â table has two columns in the above example, so we have toÂ `UNION`Â with two columns. If we only wanted to get one column 'e.g.Â `username`', we have to doÂ `username, 2`, such that we have the same number of columns:

```sql
SELECT * from products where product_id = '1' UNION SELECT username, 2 from passwords
```

If we had more columns in the table of the original query, we have to add more numbers to create the remaining required columns. For example, if the original query usedÂ `SELECT`Â on a table with four columns, ourÂ `UNION`Â injection would be:

```sql
UNION SELECT username, 2, 3, 4 from passwords-- '
```

This query would return:

```sql
mysql> SELECT * from products where product_id UNION SELECT username, 2, 3, 4 from passwords-- '

+-----------+-----------+-----------+-----------+
| product_1 | product_2 | product_3 | product_4 |
+-----------+-----------+-----------+-----------+
|   admin   |    2      |    3      |    4      |
+-----------+-----------+-----------+-----------+
```

As we can see, our wanted output of the '`UNION SELECT username from passwords`' query is found at the first column of the second row, while the numbers filled the remaining columns.

## Union Injection

### Detect the number of columns

```sql
' order by 1-- - #True
' order by 2-- - #True
' order by 3-- - #False
```

Now we can find the version:

```sql
' UNION select 1,@@version,3,4-- -
```

